Domain,tweets
washingtonpost.com,6.0
mediasuarakyat.ga,2.0
rt.com,1502.0
thetruthseeker.co.uk,33.0
independent.co.uk,447.0
veteranstoday.com,185.0
thedailysheeple.com,21.0
sott.net,207.0
ems1.com,6.0
seosem.es,1.0
bbc.co.uk,48.0
aljazeera.com,213.0
yahoo.com,177.0
washingtonsblog.com,25.0
wrongkindofgreen.org,51.0
rt.com,1502.0
buzzfeed.com,42.0
dailystar.com.lb,1.0
independent.co.uk,447.0
mintpressnews.com,1558.0
mintpressnews.com,1558.0
liveleak.com,40.0
alligatorarmy.com,17.0
kiblat.net,43.0
wrongkindofgreen.org,51.0
newslocker.com,63.0
w3livenews.com,2.0
informazione.it,2.0
tipperarylive.ie,147.0
cnn.com,756.0
netflix.com,19.0
ronpaulinstitute.org,92.0
theguardian.com,448.0
tipperarylive.ie,147.0
wrongkindofgreen.org,51.0
rt.com,1502.0
fundmycause.net,4.0
sharjah24.ae,1.0
blacklistednews.com,9.0
middleeasteye.net,346.0
cbsnews.com,40.0
telegraph.co.uk,260.0
newsweek.com,1252.0
theonlycolors.com,2.0
mirror.co.uk,3.0
irishtimes.com,68.0
kiblat.net,43.0
yahoo.com,177.0
rightrelevance.com,3.0
truepatriot.net,2.0
informationclearinghouse.info,26.0
theamericanconservative.com,120.0
podomatic.com,27.0
dailymail.co.uk,390.0
google.com,17.0
ipsnews.net,5.0
salon.com,39.0
foxnews.com,80.0
rt.com,1502.0
independent.co.uk,447.0
telesurenglish.net,52.0
lasvegasnvblog.com,3.0
yahoo.com,177.0
hnvnews.com,1.0
dailymail.co.uk,390.0
mintpressnews.com,1558.0
blacklistednews.com,9.0
hispantv.com,2.0
nbcnews.com,339.0
tipperarylive.ie,147.0
hugedomains.com,6.0
cnn.com,756.0
riskmap.com,7.0
investmentwatchblog.com,18.0
middleeasteye.net,346.0
cnn.com,756.0
metronews.ca,1.0
theguardian.com,448.0
usnews.com,11.0
npr.org,41.0
sinfiltros.com,3.0
syrianews.cc,443.0
craigmurray.org.uk,2.0
newsweek.com,1252.0
theguardian.com,448.0
jewworldorder.org,19.0
thedailysheeple.com,21.0
flickr.com,37.0
sott.net,207.0
sott.net,207.0
alternet.org,1221.0
liveleak.com,40.0
rt.com,1502.0
thetruthseeker.co.uk,33.0
nationalreview.com,2.0
dailymail.co.uk,390.0
pbs.org,56.0
newslocker.com,63.0
sekarang.ga,2.0
huffingtonpost.com,16.0
tipperarylive.ie,147.0
breitbart.com,27.0
tomcc.org,2.0
legitgov.org,4.0
therealrapgame.com,1.0
f3nws.com,4.0
state.gov,5.0
london-fire.gov.uk,9.0
makewarshistory.co.uk,6.0
espn.com,10.0
datamun.com,1.0
anews.com.tr,2.0
15minutenews.com,1.0
konga.com,1.0
upi.com,28.0
newsatw.com,1.0
collective-evolution.com,68.0
redbrickcommunications.com,2.0
syrianews.cc,443.0
telegraph.co.uk,260.0
almasdarnews.com,188.0
timesofisrael.com,35.0
intelli.news,7.0
independent.co.uk,447.0
rferl.org,43.0
rt.com,1502.0
dcclothesline.com,96.0
thetimes.co.uk,1.0
sott.net,207.0
wsj.com,56.0
sott.net,207.0
antiliberalnews.net,12.0
fow24news.com,2.0
gov.uk,31.0
apnewsarchive.com,6.0
counterpunch.org,10.0
detroitnews.com,24.0
newslocker.com,63.0
sott.net,207.0
liveleak.com,40.0
jewworldorder.org,19.0
almasdarnews.com,188.0
rt.com,1502.0
activistpost.com,215.0
iefimerida.gr,2.0
alalamtv.net,19.0
whitehelmets.org,129.0
activistpost.com,215.0
citizenworldnewsreport.com,2.0
gofundme.com,12.0
breitbart.com,27.0
news24.com,4.0
f3nws.com,4.0
channel4.com,6.0
newslocker.com,63.0
almasdarnews.com,188.0
wsj.com,56.0
theguardian.com,448.0
getrevue.co,4.0
worldinwar.eu,29.0
newslocker.com,63.0
npostart.nl,2.0
huffpostbrasil.com,1.0
washingtonpost.com,6.0
almasdarnews.com,188.0
britishmuseum.org,1.0
veteranstoday.com,185.0
topix.com,2.0
activistpost.com,215.0
newslocker.com,63.0
alternet.org,1221.0
rt.com,1502.0
newslocker.com,63.0
collective-evolution.com,68.0
theguardian.com,448.0
newslocker.com,63.0
informationclearinghouse.info,26.0
blogger.com,13.0
inewsgr.com,1.0
nytimes.com,31.0
theplaidzebra.com,1.0
bbc.co.uk,48.0
newslocker.com,63.0
rt.com,1502.0
washingtonpost.com,6.0
newslocker.com,63.0
jocoxfoundation.org,1.0
"google.com', 'bloomberg.com",2.0
albawaba.com,8.0
rt.com,1502.0
google.com,17.0
bloomberg.com,44.0
worldinwar.eu,29.0
futuredanger.com,1.0
newslocker.com,63.0
trendolizer.com,47.0
spot.im,2.0
soynadiepress.com,3.0
wrongkindofgreen.org,51.0
dailysabah.com,36.0
twitlonger.com,3.0
newslocker.com,63.0
lewrockwell.com,87.0
haaretz.com,1.0
veteranstoday.com,185.0
afternic.com,3.0
arabnews.com,15.0
elitedaily.com,2.0
breakingnews.ie,1.0
usnews.com,11.0
tribunnews.com,8.0
elethos.gr,4.0
theguardian.com,448.0
belfasttelegraph.co.uk,3.0
f3nws.com,4.0
philosophers-stone.co.uk,1.0
newslocker.com,63.0
bbc.co.uk,48.0
cnn.com,756.0
tipperarylive.ie,147.0
blazingcatfur.ca,4.0
google.com,17.0
syriacivildefence.org,23.0
buzzfeednews.com,4.0
bbc.co.uk,48.0
newslocker.com,63.0
tasnimnews.com,13.0
rocketnews.com,2.0
npr.org,41.0
perfectbrite.com,1.0
sott.net,207.0
syriacivildefence.org,23.0
aljazeera.com,213.0
independent.co.uk,447.0
konjunktion.info,6.0
thejournal.ie,99.0
mintpressnews.com,1558.0
nydailynews.com,1.0
newslocker.com,63.0
theguardian.com,448.0
governmentslaves.news,15.0
independent.ie,38.0
newslocker.com,63.0
kiblat.net,43.0
thetruthseeker.co.uk,33.0
atlanticcouncil.org,1.0
bbc.co.uk,48.0
washingtonsblog.com,25.0
gmanetwork.com,1.0
informazione.it,2.0
syrianews.cc,443.0
istioforosnews.com,2.0
atimes.com,5.0
google.com,17.0
redbubble.com,2.0
liveleak.com,40.0
tasnimnews.com,13.0
newslocker.com,63.0
panorama.it,6.0
wrongkindofgreen.org,51.0
newslocker.com,63.0
independent.co.uk,447.0
hindustantimes.com,5.0
execpay.org,1.0
ibtimes.co.uk,5.0
google.com,17.0
hannenabintuherland.com,4.0
hugedomains.com,6.0
thestar.com,3.0
jewworldorder.org,19.0
france24.com,3.0
aljazeera.com,213.0
wrongkindofgreen.org,51.0
almasdarnews.com,188.0
kiblat.net,43.0
wrongkindofgreen.org,51.0
jacobinmag.com,2.0
cnn.com,756.0
thedailysheeple.com,21.0
google.com,17.0
tipperarylive.ie,147.0
sott.net,207.0
intelli.news,7.0
abc.es,1.0
1afsym.tk,2.0
youtube.com,4.0
thescoopradioshow.com,1.0
dazeddigital.com,1.0
governmentslaves.news,15.0
mk.ru,1.0
bbc.co.uk,48.0
theguardian.com,448.0
dailymail.co.uk,390.0
refugeesinternational.org,14.0
jewworldorder.org,19.0
activistpost.com,215.0
chesterfield.co.uk,1.0
reuters.com,33.0
afternic.com,3.0
syriasolidaritymovement.org,1.0
newslocker.com,63.0
dailymail.co.uk,390.0
liveleak.com,40.0
syrianews.cc,443.0
purpose.com,3.0
veteranstoday.com,185.0
dagbladet.no,1.0
welt.de,5.0
newslocker.com,63.0
"google.com', 'cnn.com",1.0
youtube.com,4.0
voanews.com,23.0
newsweek.com,1252.0
etsy.com,2.0
thetruthseeker.co.uk,33.0
lapresse.it,2.0
newslocker.com,63.0
rferl.org,43.0
rt.com,1502.0
independent.co.uk,447.0
mintpressnews.com,1558.0
islamtimes.org,4.0
"google.com', 'shropshirestar.com",1.0
wrongkindofgreen.org,51.0
rocketnews.com,2.0
scoop.it,1.0
veteranstoday.com,185.0
almasdarnews.com,188.0
alternet.org,1221.0
wrongkindofgreen.org,51.0
newsweek.com,1252.0
telegraph.co.uk,260.0
ctvnews.ca,1.0
france24.com,3.0
newslocker.com,63.0
cnn.com,756.0
lexpress.fr,3.0
theguardian.com,448.0
usnews.com,11.0
telegraph.co.uk,260.0
syrianews.cc,443.0
yahoo.com,177.0
aljazeera.com,213.0
yahoo.com,177.0
activistpost.com,215.0
aljazeera.com,213.0
twitlonger.com,3.0
activistpost.com,215.0
newslocker.com,63.0
telegraph.co.uk,260.0
rightrelevance.com,3.0
middleeastmonitor.com,16.0
thebingbing.com,1.0
liveleak.com,40.0
islamicinvitationturkey.com,3.0
dailymail.co.uk,390.0
veteranstoday.com,185.0
bitchute.com,5.0
usnews.com,11.0
ibtimes.co.uk,5.0
newsweek.com,1252.0
bibliotecapleyades.net,2.0
repubblica.it,1.0
activistpost.com,215.0
counterpunch.org,10.0
mlive.com,9.0
tomcc.org,2.0
syrianews.cc,443.0
kiblat.net,43.0
theartofannihilation.com,1.0
activistpost.com,215.0
ems1.com,6.0
countrylife.co.uk,5.0
newstwenty.com,1.0
sott.net,207.0
yahoo.com,177.0
sott.net,207.0
"google.com', 'rt.com",2.0
hugedomains.com,6.0
sott.net,207.0
newslocker.com,63.0
thefuture.ie,1.0
liveleak.com,40.0
telegraph.co.uk,260.0
spot.im,2.0
telegraph.co.uk,260.0
google.com,17.0
veteranstoday.com,185.0
topix.com,2.0
washingtonsblog.com,25.0
moonofalabama.org,112.0
enabbaladi.net,1.0
rijksoverheid.nl,4.0
veteranstoday.com,185.0
gannett-cdn.com,1.0
canli-iddaa-siteleri1.com,1.0
arte.tv,1.0
liveleak.com,40.0
amazon.com,24.0
minds.com,2.0
strategic-culture.org,2.0
spartanjerseys.com,11.0
pelop.gr,1.0
whatdotheyknow.com,1.0
bbc.co.uk,48.0
southpunjabnews.com,1.0
wsj.com,56.0
middleeasteye.net,346.0
rt.com,1502.0
nicovideo.jp,1.0
arrahmah.com,2.0
wrongkindofgreen.org,51.0
primewire.ag,1.0
cnn.com,756.0
thetruthseeker.co.uk,33.0
alternet.org,1221.0
rubikon.news,1.0
sott.net,207.0
jewworldorder.org,19.0
youtube.com,4.0
nytimes.com,31.0
platoscave.org,4.0
alternet.org,1221.0
wrongkindofgreen.org,51.0
syrianews.cc,443.0
gofundme.com,12.0
albawaba.com,8.0
newslocker.com,63.0
cbsnews.com,40.0
dailymail.co.uk,390.0
"google.com', 'globalresearch.ca",1.0
gooadv.com,1.0
bloomberg.com,44.0
wrongkindofgreen.org,51.0
middleeastmonitor.com,16.0
lewrockwell.com,87.0
jvzoo.com,1.0
newsoneplace.com,1.0
pulse.ng,1.0
lemonde.fr,15.0
nakedcapitalism.com,4.0
yahoo.com,177.0
activistpost.com,215.0
npr.org,41.0
standard.co.uk,7.0
breitbart.com,27.0
wired.com,113.0
youtube.com,4.0
almasdarnews.com,188.0
rt.com.convey.pro,1.0
google.com,17.0
rt.com,1502.0
rte.ie,6.0
jewworldorder.org,19.0
wired-gov.net,1.0
bbc.com,8.0
itv.com,83.0
dailymail.co.uk,390.0
newslocker.com,63.0
jewworldorder.org,19.0
ynetnews.com,7.0
syrianews.cc,443.0
jewworldorder.org,19.0
gridironmemories.net,1.0
weekfacts.com,1.0
amazon.com,24.0
msf.ie,2.0
pentictonherald.ca,1.0
hugedomains.com,6.0
flickr.com,37.0
gdnonline.com,1.0
yahoo.com,177.0
mirror.co.uk,3.0
rt.com,1502.0
truepatriot.net,2.0
bbc.com,8.0
usnews.com,11.0
sott.net,207.0
telesurenglish.net,52.0
newslocker.com,63.0
google.co.uk,2.0
nbcnews.com,339.0
plenglish.com,1.0
newslocker.com,63.0
wrongkindofgreen.org,51.0
liveleak.com,40.0
madata.gr,1.0
nytimes.com,31.0
kaos.gr,1.0
independent.co.uk,447.0
activistpost.com,215.0
researchgate.net,6.0
"google.com', 'newsweek.com",1.0
usnews.com,11.0
almasdarnews.com,188.0
pbs.org,56.0
abovetopsecret.com,6.0
nbcnews.com,339.0
irishtimes.com,68.0
abc.net.au,1.0
yahoo.com,177.0
lansingstatejournal.com,6.0
bbc.com,8.0
investmentwatchblog.com,18.0
ranini.tv,2.0
nbcnews.com,339.0
irishexaminer.com,9.0
thestar.com,3.0
flickr.com,37.0
goodreads.com,1.0
cityofpgh.com,1.0
spreaker.com,1.0
"google.com', 'usnews.com",1.0
yahoo.com,177.0
telesurenglish.net,52.0
bbc.co.uk,48.0
nrk.no,2.0
thejournal.ie,99.0
instituteartist.com,4.0
f3nws.com,4.0
elethos.gr,4.0
caribflame.com,3.0
kompas.tv,23.0
aljazeera.com,213.0
google.com,17.0
veteranstoday.com,185.0
newslocker.com,63.0
newslocker.com,63.0
wvpe.org,1.0
theguardian.com,448.0
mintpressnews.com,1558.0
thepensivequill.com,1.0
"google.com', 'ardrossanherald.com",1.0
freecriticalthinking.org,3.0
thekeyplay.com,1.0
brandonturbeville.com,2.0
theguardian.com,448.0
usnews.com,11.0
yardbarker.com,1.0
intellihub.com,5.0
cbsnews.com,40.0
spiegel.de,1.0
nytimes.com,31.0
liveleak.com,40.0
safrica24.com,1.0
yahoo.com,177.0
mo4ch.com,1.0
moonofalabama.org,112.0
bbc.co.uk,48.0
dailysabah.com,36.0
therebel.media,11.0
bikewisenews.org.uk,4.0
jawapos.com,2.0
news.club,1.0
intelli.news,7.0
ukheadlines.org,1.0
thurles.info,56.0
newslocker.com,63.0
voltairenet.org,2.0
mintpressnews.com,1558.0
washingtonpost.com,6.0
millenniumpost.in,1.0
independent.co.uk,447.0
yahoo.com,177.0
bbc.co.uk,48.0
themoscowtimes.com,1.0
google.com,17.0
jewworldorder.org,19.0
arabnewsservice.com,1.0
google.com,17.0
newslocker.com,63.0
mintpressnews.com,1558.0
cnn.com,756.0
9news.com.au,1.0
timesnownews.com,17.0
3yonel7ds.com,2.0
dailymail.co.uk,390.0
vietatoparlare.it,5.0
syrianews.cc,443.0
dailymail.co.uk,390.0
belfasttelegraph.co.uk,3.0
amnesty.org.uk,4.0
theapricity.com,1.0
almasdarnews.com,188.0
google.com,17.0
therahnuma.com,1.0
theguardian.com,448.0
middleeasteye.net,346.0
rt.com,1502.0
newsweek.com,1252.0
aulanews.com,1.0
yahoo.com,177.0
spartanjerseys.com,11.0
newslocker.com,63.0
alternet.org,1221.0
justgiving.com,1.0
washingtonsblog.com,25.0
theguardian.com,448.0
ground-zero.biz,1.0
theguardian.com,448.0
"google.com', 'nbcnews.com",1.0
cnn.com,756.0
yahoo.com,177.0
nbcnews.com,339.0
tipperarypeace.ie,1.0
thenationalnews.com,3.0
usnews.com,11.0
newslocker.com,63.0
telegraph.co.uk,260.0
sott.net,207.0
google.com,17.0
sacouncil.com,4.0
"google.com', 'mintpressnews.com",1.0
anonews.co,4.0
facebook.com,1.0
gov.uk,31.0
lawyersgunsmoneyblog.com,4.0
activistpost.com,215.0
purpose.com,3.0
filmaffinity.com,1.0
newslocker.com,63.0
dedalusprod.com,2.0
mintpressnews.com,1558.0
iraqinews.com,4.0
thedailybeast.com,1.0
darkpolitricks.com,3.0
w3livenews.com,2.0
sott.net,207.0
broadwayworld.com,2.0
syrianews.cc,443.0
newyorkminutemag.com,1.0
informationclearinghouse.info,26.0
pscp.tv,2.0
"google.com', 'oleantimesherald.com",1.0
jewworldorder.org,19.0
rightrelevance.com,3.0
beehive.govt.nz,56.0
jewworldorder.org,19.0
kiblat.net,43.0
ebay.com,1.0
usnews.com,11.0
wsj.com,56.0
yahoo.com,177.0
telegraph.co.uk,260.0
podomatic.com,27.0
thurles.info,56.0
newslocker.com,63.0
syrianews.cc,443.0
theguardian.com,448.0
yahoo.com,177.0
aljazeera.com,213.0
hannenabintuherland.com,4.0
syrianews.cc,443.0
cnn.com,756.0
usnews.com,11.0
mintpressnews.com,1558.0
rt.com,1502.0
arabnews.com,15.0
mediasuarakyat.ga,2.0
voanews.com,23.0
patreon.com,1.0
ronpaulamerica.com,9.0
tipperarylive.ie,147.0
nbcnews.com,339.0
netflix.com,19.0
lawfareblog.com,1.0
twitlonger.com,3.0
hannenabintuherland.com,4.0
latimes.com,2.0
"google.com', 'rt.com",2.0
lapresse.it,2.0
sawaus.org,1.0
yahoo.com,177.0
chicagotribune.com,1.0
change.org,2.0
newstalk.com,10.0
pbs.org,56.0
wrongkindofgreen.org,51.0
manchestereveningnews.co.uk,2.0
wrongkindofgreen.org,51.0
gulf-times.com,3.0
minds.com,2.0
raptureforums.com,1.0
kiblat.net,43.0
newsweek.com,1252.0
caribflame.com,3.0
presstv.com,14.0
ukcolumn.org,1.0
quickloans.co.uk,16.0
theguardian.com,448.0
sott.net,207.0
alalamtv.net,19.0
blogger.com,13.0
thenationalnews.com,3.0
newsweek.com,1252.0
wsj.com,56.0
irishexaminer.com,9.0
jewworldorder.org,19.0
opendemocracy.net,1.0
"google.com', 'dailymail.co.uk",1.0
rt.com,1502.0
yahoo.com,177.0
wrongkindofgreen.org,51.0
newsweek.com,1252.0
thepavlovictoday.com,1.0
alaturka.us,1.0
csmonitor.com,45.0
newsnowgr.com,1.0
bbc.com,8.0
kompas.tv,23.0
jewworldorder.org,19.0
strike-the-root.com,1.0
mintpressnews.com,1558.0
duduradio.com,1.0
antinews.in,2.0
bournemouthecho.co.uk,2.0
investmentwatchblog.com,18.0
washingtonpost.com,6.0
newslocker.com,63.0
alternet.org,1221.0
torontopubliclibrary.ca,1.0
globalcitizen.org,1.0
nbcnews.com,339.0
yahoo.com,177.0
"google.com', 'standard.co.uk",1.0
eventbrite.co.uk,9.0
jewworldorder.org,19.0
worldhumanitarianday.org,1.0
sekarang.ga,2.0
newslocker.com,63.0
google.com,17.0
abovetopsecret.com,6.0
rustyradiator.com,1.0
3yonel7ds.com,2.0
gofundme.com,12.0
sott.net,207.0
kiblat.net,43.0
manxradio.com,5.0
almasdarnews.com,188.0
bestnewswebsites.com,1.0
governmentslaves.news,15.0
politwoops.eu,1.0
intelli.news,7.0
intelli.news,7.0
politwoops.co.uk,1.0
voltairenet.org,2.0
intelli.news,7.0
intelli.news,7.0
panorama.it,6.0
globalresearch.ca,724.0
globalresearch.ca,724.0
globalresearch.ca,724.0
globalresearch.ca,724.0
globalresearch.ca,724.0
globalresearch.ca,724.0
globalresearch.ca,724.0
globalresearch.ca,724.0
globalresearch.ca,724.0
globalresearch.ca,724.0
globalresearch.ca,724.0
unz.com,514.0
